-- Cities
INSERT INTO cities (id, name, country, latitude, longitude, stadium, accommodation_per_night) VALUES ('city-atlanta', 'Atlanta', 'USA', 33.7553, -84.4006, 'Mercedes-Benz Stadium', 180);
INSERT INTO cities (id, name, country, latitude, longitude, stadium, accommodation_per_night) VALUES ('city-boston', 'Boston', 'USA', 42.0909, -71.2643, 'Gillette Stadium', 220);
INSERT INTO cities (id, name, country, latitude, longitude, stadium, accommodation_per_night) VALUES ('city-dallas', 'Dallas', 'USA', 32.7473, -97.0945, 'AT&T Stadium', 160);
INSERT INTO cities (id, name, country, latitude, longitude, stadium, accommodation_per_night) VALUES ('city-houston', 'Houston', 'USA', 29.6847, -95.4107, 'NRG Stadium', 150);
INSERT INTO cities (id, name, country, latitude, longitude, stadium, accommodation_per_night) VALUES ('city-kansas-city', 'Kansas City', 'USA', 39.0489, -94.4839, 'GEHA Field at Arrowhead', 120);
INSERT INTO cities (id, name, country, latitude, longitude, stadium, accommodation_per_night) VALUES ('city-los-angeles', 'Los Angeles', 'USA', 33.9535, -118.339, 'SoFi Stadium', 280);
INSERT INTO cities (id, name, country, latitude, longitude, stadium, accommodation_per_night) VALUES ('city-miami', 'Miami', 'USA', 25.958, -80.2389, 'Hard Rock Stadium', 250);
INSERT INTO cities (id, name, country, latitude, longitude, stadium, accommodation_per_night) VALUES ('city-new-york', 'New York / New Jersey', 'USA', 40.8128, -74.0742, 'MetLife Stadium', 300);
INSERT INTO cities (id, name, country, latitude, longitude, stadium, accommodation_per_night) VALUES ('city-philadelphia', 'Philadelphia', 'USA', 39.9008, -75.1675, 'Lincoln Financial Field', 190);
INSERT INTO cities (id, name, country, latitude, longitude, stadium, accommodation_per_night) VALUES ('city-san-francisco', 'San Francisco Bay Area', 'USA', 37.4033, -121.9694, 'Levi''s Stadium', 270);
INSERT INTO cities (id, name, country, latitude, longitude, stadium, accommodation_per_night) VALUES ('city-seattle', 'Seattle', 'USA', 47.5952, -122.3316, 'Lumen Field', 200);
INSERT INTO cities (id, name, country, latitude, longitude, stadium, accommodation_per_night) VALUES ('city-guadalajara', 'Guadalajara', 'Mexico', 20.682, -103.4626, 'Estadio Akron', 95);
INSERT INTO cities (id, name, country, latitude, longitude, stadium, accommodation_per_night) VALUES ('city-mexico-city', 'Mexico City', 'Mexico', 19.3029, -99.1505, 'Estadio Azteca', 110);
INSERT INTO cities (id, name, country, latitude, longitude, stadium, accommodation_per_night) VALUES ('city-monterrey', 'Monterrey', 'Mexico', 25.67, -100.244, 'Estadio BBVA', 100);
INSERT INTO cities (id, name, country, latitude, longitude, stadium, accommodation_per_night) VALUES ('city-toronto', 'Toronto', 'Canada', 43.6332, -79.4185, 'BMO Field', 210);
INSERT INTO cities (id, name, country, latitude, longitude, stadium, accommodation_per_night) VALUES ('city-vancouver', 'Vancouver', 'Canada', 49.2768, -123.112, 'BC Place', 230);

-- Teams
INSERT INTO teams (id, name, code, group_name) VALUES ('team-mexico', 'Mexico', 'MEX', 'A');
INSERT INTO teams (id, name, code, group_name) VALUES ('team-south-africa', 'South Africa', 'RSA', 'A');
INSERT INTO teams (id, name, code, group_name) VALUES ('team-south-korea', 'South Korea', 'KOR', 'A');
INSERT INTO teams (id, name, code, group_name) VALUES ('team-czech-republic', 'Czech Republic', 'CZE', 'A');
INSERT INTO teams (id, name, code, group_name) VALUES ('team-canada', 'Canada', 'CAN', 'B');
INSERT INTO teams (id, name, code, group_name) VALUES ('team-bosnia-herzegovina', 'Bosnia & Herzegovina', 'BIH', 'B');
INSERT INTO teams (id, name, code, group_name) VALUES ('team-qatar', 'Qatar', 'QAT', 'B');
INSERT INTO teams (id, name, code, group_name) VALUES ('team-switzerland', 'Switzerland', 'SUI', 'B');
INSERT INTO teams (id, name, code, group_name) VALUES ('team-brazil', 'Brazil', 'BRA', 'C');
INSERT INTO teams (id, name, code, group_name) VALUES ('team-morocco', 'Morocco', 'MAR', 'C');
INSERT INTO teams (id, name, code, group_name) VALUES ('team-haiti', 'Haiti', 'HAI', 'C');
INSERT INTO teams (id, name, code, group_name) VALUES ('team-scotland', 'Scotland', 'SCO', 'C');
INSERT INTO teams (id, name, code, group_name) VALUES ('team-united-states', 'United States', 'USA', 'D');
INSERT INTO teams (id, name, code, group_name) VALUES ('team-paraguay', 'Paraguay', 'PAR', 'D');
INSERT INTO teams (id, name, code, group_name) VALUES ('team-australia', 'Australia', 'AUS', 'D');
INSERT INTO teams (id, name, code, group_name) VALUES ('team-turkiye', 'Türkiye', 'TUR', 'D');
INSERT INTO teams (id, name, code, group_name) VALUES ('team-germany', 'Germany', 'GER', 'E');
INSERT INTO teams (id, name, code, group_name) VALUES ('team-curacao', 'Curaçao', 'CUW', 'E');
INSERT INTO teams (id, name, code, group_name) VALUES ('team-ivory-coast', 'Ivory Coast', 'CIV', 'E');
INSERT INTO teams (id, name, code, group_name) VALUES ('team-ecuador', 'Ecuador', 'ECU', 'E');
INSERT INTO teams (id, name, code, group_name) VALUES ('team-netherlands', 'Netherlands', 'NED', 'F');
INSERT INTO teams (id, name, code, group_name) VALUES ('team-japan', 'Japan', 'JPN', 'F');
INSERT INTO teams (id, name, code, group_name) VALUES ('team-sweden', 'Sweden', 'SWE', 'F');
INSERT INTO teams (id, name, code, group_name) VALUES ('team-tunisia', 'Tunisia', 'TUN', 'F');
INSERT INTO teams (id, name, code, group_name) VALUES ('team-belgium', 'Belgium', 'BEL', 'G');
INSERT INTO teams (id, name, code, group_name) VALUES ('team-egypt', 'Egypt', 'EGY', 'G');
INSERT INTO teams (id, name, code, group_name) VALUES ('team-iran', 'Iran', 'IRN', 'G');
INSERT INTO teams (id, name, code, group_name) VALUES ('team-new-zealand', 'New Zealand', 'NZL', 'G');
INSERT INTO teams (id, name, code, group_name) VALUES ('team-spain', 'Spain', 'ESP', 'H');
INSERT INTO teams (id, name, code, group_name) VALUES ('team-cape-verde', 'Cape Verde', 'CPV', 'H');
INSERT INTO teams (id, name, code, group_name) VALUES ('team-saudi-arabia', 'Saudi Arabia', 'KSA', 'H');
INSERT INTO teams (id, name, code, group_name) VALUES ('team-uruguay', 'Uruguay', 'URU', 'H');
INSERT INTO teams (id, name, code, group_name) VALUES ('team-france', 'France', 'FRA', 'I');
INSERT INTO teams (id, name, code, group_name) VALUES ('team-senegal', 'Senegal', 'SEN', 'I');
INSERT INTO teams (id, name, code, group_name) VALUES ('team-iraq', 'Iraq', 'IRQ', 'I');
INSERT INTO teams (id, name, code, group_name) VALUES ('team-norway', 'Norway', 'NOR', 'I');
INSERT INTO teams (id, name, code, group_name) VALUES ('team-argentina', 'Argentina', 'ARG', 'J');
INSERT INTO teams (id, name, code, group_name) VALUES ('team-algeria', 'Algeria', 'ALG', 'J');
INSERT INTO teams (id, name, code, group_name) VALUES ('team-austria', 'Austria', 'AUT', 'J');
INSERT INTO teams (id, name, code, group_name) VALUES ('team-jordan', 'Jordan', 'JOR', 'J');
INSERT INTO teams (id, name, code, group_name) VALUES ('team-portugal', 'Portugal', 'POR', 'K');
INSERT INTO teams (id, name, code, group_name) VALUES ('team-dr-congo', 'DR Congo', 'COD', 'K');
INSERT INTO teams (id, name, code, group_name) VALUES ('team-uzbekistan', 'Uzbekistan', 'UZB', 'K');
INSERT INTO teams (id, name, code, group_name) VALUES ('team-colombia', 'Colombia', 'COL', 'K');
INSERT INTO teams (id, name, code, group_name) VALUES ('team-england', 'England', 'ENG', 'L');
INSERT INTO teams (id, name, code, group_name) VALUES ('team-croatia', 'Croatia', 'CRO', 'L');
INSERT INTO teams (id, name, code, group_name) VALUES ('team-ghana', 'Ghana', 'GHA', 'L');
INSERT INTO teams (id, name, code, group_name) VALUES ('team-panama', 'Panama', 'PAN', 'L');

-- Matches (48 group stage matches, June 11-27 2026)
INSERT INTO matches (id, home_team_id, away_team_id, city_id, kickoff, group_name, match_day, ticket_price) VALUES ('match-1', 'team-mexico', 'team-south-africa', 'city-mexico-city', '2026-06-11 17:00:00', 'A', 1, 120);
INSERT INTO matches (id, home_team_id, away_team_id, city_id, kickoff, group_name, match_day, ticket_price) VALUES ('match-2', 'team-south-korea', 'team-czech-republic', 'city-los-angeles', '2026-06-11 19:00:00', 'A', 1, 95);
INSERT INTO matches (id, home_team_id, away_team_id, city_id, kickoff, group_name, match_day, ticket_price) VALUES ('match-3', 'team-canada', 'team-bosnia-herzegovina', 'city-toronto', '2026-06-11 21:00:00', 'B', 1, 130);
INSERT INTO matches (id, home_team_id, away_team_id, city_id, kickoff, group_name, match_day, ticket_price) VALUES ('match-4', 'team-qatar', 'team-switzerland', 'city-houston', '2026-06-12 17:00:00', 'B', 1, 85);
INSERT INTO matches (id, home_team_id, away_team_id, city_id, kickoff, group_name, match_day, ticket_price) VALUES ('match-5', 'team-brazil', 'team-morocco', 'city-new-york', '2026-06-12 19:00:00', 'C', 1, 175);
INSERT INTO matches (id, home_team_id, away_team_id, city_id, kickoff, group_name, match_day, ticket_price) VALUES ('match-6', 'team-haiti', 'team-scotland', 'city-miami', '2026-06-12 21:00:00', 'C', 1, 90);
INSERT INTO matches (id, home_team_id, away_team_id, city_id, kickoff, group_name, match_day, ticket_price) VALUES ('match-7', 'team-united-states', 'team-paraguay', 'city-dallas', '2026-06-13 17:00:00', 'D', 1, 195);
INSERT INTO matches (id, home_team_id, away_team_id, city_id, kickoff, group_name, match_day, ticket_price) VALUES ('match-8', 'team-australia', 'team-turkiye', 'city-atlanta', '2026-06-13 19:00:00', 'D', 1, 85);
INSERT INTO matches (id, home_team_id, away_team_id, city_id, kickoff, group_name, match_day, ticket_price) VALUES ('match-9', 'team-germany', 'team-curacao', 'city-philadelphia', '2026-06-13 21:00:00', 'E', 1, 145);
INSERT INTO matches (id, home_team_id, away_team_id, city_id, kickoff, group_name, match_day, ticket_price) VALUES ('match-10', 'team-ivory-coast', 'team-ecuador', 'city-san-francisco', '2026-06-14 17:00:00', 'E', 1, 80);
INSERT INTO matches (id, home_team_id, away_team_id, city_id, kickoff, group_name, match_day, ticket_price) VALUES ('match-11', 'team-netherlands', 'team-japan', 'city-boston', '2026-06-14 19:00:00', 'F', 1, 125);
INSERT INTO matches (id, home_team_id, away_team_id, city_id, kickoff, group_name, match_day, ticket_price) VALUES ('match-12', 'team-sweden', 'team-tunisia', 'city-kansas-city', '2026-06-14 21:00:00', 'F', 1, 75);
INSERT INTO matches (id, home_team_id, away_team_id, city_id, kickoff, group_name, match_day, ticket_price) VALUES ('match-13', 'team-belgium', 'team-egypt', 'city-seattle', '2026-06-15 17:00:00', 'G', 1, 110);
INSERT INTO matches (id, home_team_id, away_team_id, city_id, kickoff, group_name, match_day, ticket_price) VALUES ('match-14', 'team-iran', 'team-new-zealand', 'city-vancouver', '2026-06-15 19:00:00', 'G', 1, 70);
INSERT INTO matches (id, home_team_id, away_team_id, city_id, kickoff, group_name, match_day, ticket_price) VALUES ('match-15', 'team-spain', 'team-cape-verde', 'city-guadalajara', '2026-06-15 21:00:00', 'H', 1, 140);
INSERT INTO matches (id, home_team_id, away_team_id, city_id, kickoff, group_name, match_day, ticket_price) VALUES ('match-16', 'team-saudi-arabia', 'team-uruguay', 'city-monterrey', '2026-06-16 17:00:00', 'H', 1, 95);
INSERT INTO matches (id, home_team_id, away_team_id, city_id, kickoff, group_name, match_day, ticket_price) VALUES ('match-17', 'team-france', 'team-senegal', 'city-new-york', '2026-06-16 19:00:00', 'I', 1, 165);
INSERT INTO matches (id, home_team_id, away_team_id, city_id, kickoff, group_name, match_day, ticket_price) VALUES ('match-18', 'team-iraq', 'team-norway', 'city-dallas', '2026-06-16 21:00:00', 'I', 1, 75);
INSERT INTO matches (id, home_team_id, away_team_id, city_id, kickoff, group_name, match_day, ticket_price) VALUES ('match-19', 'team-argentina', 'team-algeria', 'city-miami', '2026-06-17 17:00:00', 'J', 1, 185);
INSERT INTO matches (id, home_team_id, away_team_id, city_id, kickoff, group_name, match_day, ticket_price) VALUES ('match-20', 'team-austria', 'team-jordan', 'city-atlanta', '2026-06-17 19:00:00', 'J', 1, 70);
INSERT INTO matches (id, home_team_id, away_team_id, city_id, kickoff, group_name, match_day, ticket_price) VALUES ('match-21', 'team-portugal', 'team-dr-congo', 'city-philadelphia', '2026-06-17 21:00:00', 'K', 1, 150);
INSERT INTO matches (id, home_team_id, away_team_id, city_id, kickoff, group_name, match_day, ticket_price) VALUES ('match-22', 'team-uzbekistan', 'team-colombia', 'city-san-francisco', '2026-06-18 17:00:00', 'K', 1, 90);
INSERT INTO matches (id, home_team_id, away_team_id, city_id, kickoff, group_name, match_day, ticket_price) VALUES ('match-23', 'team-england', 'team-croatia', 'city-boston', '2026-06-18 19:00:00', 'L', 1, 170);
INSERT INTO matches (id, home_team_id, away_team_id, city_id, kickoff, group_name, match_day, ticket_price) VALUES ('match-24', 'team-ghana', 'team-panama', 'city-houston', '2026-06-18 21:00:00', 'L', 1, 65);
INSERT INTO matches (id, home_team_id, away_team_id, city_id, kickoff, group_name, match_day, ticket_price) VALUES ('match-25', 'team-mexico', 'team-south-korea', 'city-guadalajara', '2026-06-20 17:00:00', 'A', 2, 115);
INSERT INTO matches (id, home_team_id, away_team_id, city_id, kickoff, group_name, match_day, ticket_price) VALUES ('match-26', 'team-south-africa', 'team-czech-republic', 'city-kansas-city', '2026-06-20 19:00:00', 'A', 2, 65);
INSERT INTO matches (id, home_team_id, away_team_id, city_id, kickoff, group_name, match_day, ticket_price) VALUES ('match-27', 'team-canada', 'team-qatar', 'city-vancouver', '2026-06-20 21:00:00', 'B', 2, 105);
INSERT INTO matches (id, home_team_id, away_team_id, city_id, kickoff, group_name, match_day, ticket_price) VALUES ('match-28', 'team-bosnia-herzegovina', 'team-switzerland', 'city-toronto', '2026-06-21 17:00:00', 'B', 2, 80);
INSERT INTO matches (id, home_team_id, away_team_id, city_id, kickoff, group_name, match_day, ticket_price) VALUES ('match-29', 'team-brazil', 'team-haiti', 'city-los-angeles', '2026-06-21 19:00:00', 'C', 2, 155);
INSERT INTO matches (id, home_team_id, away_team_id, city_id, kickoff, group_name, match_day, ticket_price) VALUES ('match-30', 'team-morocco', 'team-scotland', 'city-seattle', '2026-06-21 21:00:00', 'C', 2, 85);
INSERT INTO matches (id, home_team_id, away_team_id, city_id, kickoff, group_name, match_day, ticket_price) VALUES ('match-31', 'team-united-states', 'team-australia', 'city-new-york', '2026-06-22 17:00:00', 'D', 2, 210);
INSERT INTO matches (id, home_team_id, away_team_id, city_id, kickoff, group_name, match_day, ticket_price) VALUES ('match-32', 'team-paraguay', 'team-turkiye', 'city-mexico-city', '2026-06-22 19:00:00', 'D', 2, 75);
INSERT INTO matches (id, home_team_id, away_team_id, city_id, kickoff, group_name, match_day, ticket_price) VALUES ('match-33', 'team-germany', 'team-ivory-coast', 'city-dallas', '2026-06-22 21:00:00', 'E', 2, 135);
INSERT INTO matches (id, home_team_id, away_team_id, city_id, kickoff, group_name, match_day, ticket_price) VALUES ('match-34', 'team-curacao', 'team-ecuador', 'city-monterrey', '2026-06-23 17:00:00', 'E', 2, 60);
INSERT INTO matches (id, home_team_id, away_team_id, city_id, kickoff, group_name, match_day, ticket_price) VALUES ('match-35', 'team-netherlands', 'team-sweden', 'city-atlanta', '2026-06-23 19:00:00', 'F', 2, 115);
INSERT INTO matches (id, home_team_id, away_team_id, city_id, kickoff, group_name, match_day, ticket_price) VALUES ('match-36', 'team-japan', 'team-tunisia', 'city-miami', '2026-06-23 21:00:00', 'F', 2, 95);
INSERT INTO matches (id, home_team_id, away_team_id, city_id, kickoff, group_name, match_day, ticket_price) VALUES ('match-37', 'team-belgium', 'team-iran', 'city-houston', '2026-06-24 17:00:00', 'G', 2, 100);
INSERT INTO matches (id, home_team_id, away_team_id, city_id, kickoff, group_name, match_day, ticket_price) VALUES ('match-38', 'team-egypt', 'team-new-zealand', 'city-philadelphia', '2026-06-24 19:00:00', 'G', 2, 60);
INSERT INTO matches (id, home_team_id, away_team_id, city_id, kickoff, group_name, match_day, ticket_price) VALUES ('match-39', 'team-spain', 'team-saudi-arabia', 'city-mexico-city', '2026-06-24 21:00:00', 'H', 2, 145);
INSERT INTO matches (id, home_team_id, away_team_id, city_id, kickoff, group_name, match_day, ticket_price) VALUES ('match-40', 'team-cape-verde', 'team-uruguay', 'city-san-francisco', '2026-06-25 17:00:00', 'H', 2, 90);
INSERT INTO matches (id, home_team_id, away_team_id, city_id, kickoff, group_name, match_day, ticket_price) VALUES ('match-41', 'team-france', 'team-iraq', 'city-los-angeles', '2026-06-25 19:00:00', 'I', 2, 155);
INSERT INTO matches (id, home_team_id, away_team_id, city_id, kickoff, group_name, match_day, ticket_price) VALUES ('match-42', 'team-senegal', 'team-norway', 'city-kansas-city', '2026-06-25 21:00:00', 'I', 2, 70);
INSERT INTO matches (id, home_team_id, away_team_id, city_id, kickoff, group_name, match_day, ticket_price) VALUES ('match-43', 'team-argentina', 'team-austria', 'city-boston', '2026-06-26 17:00:00', 'J', 2, 180);
INSERT INTO matches (id, home_team_id, away_team_id, city_id, kickoff, group_name, match_day, ticket_price) VALUES ('match-44', 'team-algeria', 'team-jordan', 'city-guadalajara', '2026-06-26 19:00:00', 'J', 2, 55);
INSERT INTO matches (id, home_team_id, away_team_id, city_id, kickoff, group_name, match_day, ticket_price) VALUES ('match-45', 'team-portugal', 'team-uzbekistan', 'city-seattle', '2026-06-26 21:00:00', 'K', 2, 140);
INSERT INTO matches (id, home_team_id, away_team_id, city_id, kickoff, group_name, match_day, ticket_price) VALUES ('match-46', 'team-dr-congo', 'team-colombia', 'city-monterrey', '2026-06-27 17:00:00', 'K', 2, 85);
INSERT INTO matches (id, home_team_id, away_team_id, city_id, kickoff, group_name, match_day, ticket_price) VALUES ('match-47', 'team-england', 'team-ghana', 'city-vancouver', '2026-06-27 19:00:00', 'L', 2, 160);
INSERT INTO matches (id, home_team_id, away_team_id, city_id, kickoff, group_name, match_day, ticket_price) VALUES ('match-48', 'team-croatia', 'team-panama', 'city-toronto', '2026-06-27 21:00:00', 'L', 2, 95);

-- Flight Prices (240 routes between all 16 cities)
INSERT INTO flight_prices (id, origin_city_id, destination_city_id, price_usd) VALUES ('flight-1', 'city-atlanta', 'city-boston', 285);
INSERT INTO flight_prices (id, origin_city_id, destination_city_id, price_usd) VALUES ('flight-2', 'city-atlanta', 'city-dallas', 195);
INSERT INTO flight_prices (id, origin_city_id, destination_city_id, price_usd) VALUES ('flight-3', 'city-atlanta', 'city-houston', 175);
INSERT INTO flight_prices (id, origin_city_id, destination_city_id, price_usd) VALUES ('flight-4', 'city-atlanta', 'city-kansas-city', 220);
INSERT INTO flight_prices (id, origin_city_id, destination_city_id, price_usd) VALUES ('flight-5', 'city-atlanta', 'city-los-angeles', 320);
INSERT INTO flight_prices (id, origin_city_id, destination_city_id, price_usd) VALUES ('flight-6', 'city-atlanta', 'city-miami', 145);
INSERT INTO flight_prices (id, origin_city_id, destination_city_id, price_usd) VALUES ('flight-7', 'city-atlanta', 'city-new-york', 195);
INSERT INTO flight_prices (id, origin_city_id, destination_city_id, price_usd) VALUES ('flight-8', 'city-atlanta', 'city-philadelphia', 180);
INSERT INTO flight_prices (id, origin_city_id, destination_city_id, price_usd) VALUES ('flight-9', 'city-atlanta', 'city-san-francisco', 345);
INSERT INTO flight_prices (id, origin_city_id, destination_city_id, price_usd) VALUES ('flight-10', 'city-atlanta', 'city-seattle', 380);
INSERT INTO flight_prices (id, origin_city_id, destination_city_id, price_usd) VALUES ('flight-11', 'city-atlanta', 'city-guadalajara', 420);
INSERT INTO flight_prices (id, origin_city_id, destination_city_id, price_usd) VALUES ('flight-12', 'city-atlanta', 'city-mexico-city', 385);
INSERT INTO flight_prices (id, origin_city_id, destination_city_id, price_usd) VALUES ('flight-13', 'city-atlanta', 'city-monterrey', 355);
INSERT INTO flight_prices (id, origin_city_id, destination_city_id, price_usd) VALUES ('flight-14', 'city-atlanta', 'city-toronto', 295);
INSERT INTO flight_prices (id, origin_city_id, destination_city_id, price_usd) VALUES ('flight-15', 'city-atlanta', 'city-vancouver', 425);
INSERT INTO flight_prices (id, origin_city_id, destination_city_id, price_usd) VALUES ('flight-16', 'city-boston', 'city-atlanta', 285);
INSERT INTO flight_prices (id, origin_city_id, destination_city_id, price_usd) VALUES ('flight-17', 'city-boston', 'city-dallas', 310);
INSERT INTO flight_prices (id, origin_city_id, destination_city_id, price_usd) VALUES ('flight-18', 'city-boston', 'city-houston', 295);
INSERT INTO flight_prices (id, origin_city_id, destination_city_id, price_usd) VALUES ('flight-19', 'city-boston', 'city-kansas-city', 275);
INSERT INTO flight_prices (id, origin_city_id, destination_city_id, price_usd) VALUES ('flight-20', 'city-boston', 'city-los-angeles', 365);
INSERT INTO flight_prices (id, origin_city_id, destination_city_id, price_usd) VALUES ('flight-21', 'city-boston', 'city-miami', 225);
INSERT INTO flight_prices (id, origin_city_id, destination_city_id, price_usd) VALUES ('flight-22', 'city-boston', 'city-new-york', 125);
INSERT INTO flight_prices (id, origin_city_id, destination_city_id, price_usd) VALUES ('flight-23', 'city-boston', 'city-philadelphia', 135);
INSERT INTO flight_prices (id, origin_city_id, destination_city_id, price_usd) VALUES ('flight-24', 'city-boston', 'city-san-francisco', 385);
INSERT INTO flight_prices (id, origin_city_id, destination_city_id, price_usd) VALUES ('flight-25', 'city-boston', 'city-seattle', 395);
INSERT INTO flight_prices (id, origin_city_id, destination_city_id, price_usd) VALUES ('flight-26', 'city-boston', 'city-guadalajara', 485);
INSERT INTO flight_prices (id, origin_city_id, destination_city_id, price_usd) VALUES ('flight-27', 'city-boston', 'city-mexico-city', 445);
INSERT INTO flight_prices (id, origin_city_id, destination_city_id, price_usd) VALUES ('flight-28', 'city-boston', 'city-monterrey', 425);
INSERT INTO flight_prices (id, origin_city_id, destination_city_id, price_usd) VALUES ('flight-29', 'city-boston', 'city-toronto', 195);
INSERT INTO flight_prices (id, origin_city_id, destination_city_id, price_usd) VALUES ('flight-30', 'city-boston', 'city-vancouver', 445);
INSERT INTO flight_prices (id, origin_city_id, destination_city_id, price_usd) VALUES ('flight-31', 'city-dallas', 'city-atlanta', 195);
INSERT INTO flight_prices (id, origin_city_id, destination_city_id, price_usd) VALUES ('flight-32', 'city-dallas', 'city-boston', 310);
INSERT INTO flight_prices (id, origin_city_id, destination_city_id, price_usd) VALUES ('flight-33', 'city-dallas', 'city-houston', 115);
INSERT INTO flight_prices (id, origin_city_id, destination_city_id, price_usd) VALUES ('flight-34', 'city-dallas', 'city-kansas-city', 165);
INSERT INTO flight_prices (id, origin_city_id, destination_city_id, price_usd) VALUES ('flight-35', 'city-dallas', 'city-los-angeles', 225);
INSERT INTO flight_prices (id, origin_city_id, destination_city_id, price_usd) VALUES ('flight-36', 'city-dallas', 'city-miami', 235);
INSERT INTO flight_prices (id, origin_city_id, destination_city_id, price_usd) VALUES ('flight-37', 'city-dallas', 'city-new-york', 275);
INSERT INTO flight_prices (id, origin_city_id, destination_city_id, price_usd) VALUES ('flight-38', 'city-dallas', 'city-philadelphia', 265);
INSERT INTO flight_prices (id, origin_city_id, destination_city_id, price_usd) VALUES ('flight-39', 'city-dallas', 'city-san-francisco', 265);
INSERT INTO flight_prices (id, origin_city_id, destination_city_id, price_usd) VALUES ('flight-40', 'city-dallas', 'city-seattle', 295);
INSERT INTO flight_prices (id, origin_city_id, destination_city_id, price_usd) VALUES ('flight-41', 'city-dallas', 'city-guadalajara', 285);
INSERT INTO flight_prices (id, origin_city_id, destination_city_id, price_usd) VALUES ('flight-42', 'city-dallas', 'city-mexico-city', 245);
INSERT INTO flight_prices (id, origin_city_id, destination_city_id, price_usd) VALUES ('flight-43', 'city-dallas', 'city-monterrey', 185);
INSERT INTO flight_prices (id, origin_city_id, destination_city_id, price_usd) VALUES ('flight-44', 'city-dallas', 'city-toronto', 325);
INSERT INTO flight_prices (id, origin_city_id, destination_city_id, price_usd) VALUES ('flight-45', 'city-dallas', 'city-vancouver', 365);
INSERT INTO flight_prices (id, origin_city_id, destination_city_id, price_usd) VALUES ('flight-46', 'city-houston', 'city-atlanta', 175);
INSERT INTO flight_prices (id, origin_city_id, destination_city_id, price_usd) VALUES ('flight-47', 'city-houston', 'city-boston', 295);
INSERT INTO flight_prices (id, origin_city_id, destination_city_id, price_usd) VALUES ('flight-48', 'city-houston', 'city-dallas', 115);
INSERT INTO flight_prices (id, origin_city_id, destination_city_id, price_usd) VALUES ('flight-49', 'city-houston', 'city-kansas-city', 195);
INSERT INTO flight_prices (id, origin_city_id, destination_city_id, price_usd) VALUES ('flight-50', 'city-houston', 'city-los-angeles', 255);
INSERT INTO flight_prices (id, origin_city_id, destination_city_id, price_usd) VALUES ('flight-51', 'city-houston', 'city-miami', 195);
INSERT INTO flight_prices (id, origin_city_id, destination_city_id, price_usd) VALUES ('flight-52', 'city-houston', 'city-new-york', 275);
INSERT INTO flight_prices (id, origin_city_id, destination_city_id, price_usd) VALUES ('flight-53', 'city-houston', 'city-philadelphia', 265);
INSERT INTO flight_prices (id, origin_city_id, destination_city_id, price_usd) VALUES ('flight-54', 'city-houston', 'city-san-francisco', 285);
INSERT INTO flight_prices (id, origin_city_id, destination_city_id, price_usd) VALUES ('flight-55', 'city-houston', 'city-seattle', 325);
INSERT INTO flight_prices (id, origin_city_id, destination_city_id, price_usd) VALUES ('flight-56', 'city-houston', 'city-guadalajara', 265);
INSERT INTO flight_prices (id, origin_city_id, destination_city_id, price_usd) VALUES ('flight-57', 'city-houston', 'city-mexico-city', 225);
INSERT INTO flight_prices (id, origin_city_id, destination_city_id, price_usd) VALUES ('flight-58', 'city-houston', 'city-monterrey', 165);
INSERT INTO flight_prices (id, origin_city_id, destination_city_id, price_usd) VALUES ('flight-59', 'city-houston', 'city-toronto', 345);
INSERT INTO flight_prices (id, origin_city_id, destination_city_id, price_usd) VALUES ('flight-60', 'city-houston', 'city-vancouver', 385);
INSERT INTO flight_prices (id, origin_city_id, destination_city_id, price_usd) VALUES ('flight-61', 'city-kansas-city', 'city-atlanta', 220);
INSERT INTO flight_prices (id, origin_city_id, destination_city_id, price_usd) VALUES ('flight-62', 'city-kansas-city', 'city-boston', 275);
INSERT INTO flight_prices (id, origin_city_id, destination_city_id, price_usd) VALUES ('flight-63', 'city-kansas-city', 'city-dallas', 165);
INSERT INTO flight_prices (id, origin_city_id, destination_city_id, price_usd) VALUES ('flight-64', 'city-kansas-city', 'city-houston', 195);
INSERT INTO flight_prices (id, origin_city_id, destination_city_id, price_usd) VALUES ('flight-65', 'city-kansas-city', 'city-los-angeles', 275);
INSERT INTO flight_prices (id, origin_city_id, destination_city_id, price_usd) VALUES ('flight-66', 'city-kansas-city', 'city-miami', 285);
INSERT INTO flight_prices (id, origin_city_id, destination_city_id, price_usd) VALUES ('flight-67', 'city-kansas-city', 'city-new-york', 255);
INSERT INTO flight_prices (id, origin_city_id, destination_city_id, price_usd) VALUES ('flight-68', 'city-kansas-city', 'city-philadelphia', 245);
INSERT INTO flight_prices (id, origin_city_id, destination_city_id, price_usd) VALUES ('flight-69', 'city-kansas-city', 'city-san-francisco', 295);
INSERT INTO flight_prices (id, origin_city_id, destination_city_id, price_usd) VALUES ('flight-70', 'city-kansas-city', 'city-seattle', 315);
INSERT INTO flight_prices (id, origin_city_id, destination_city_id, price_usd) VALUES ('flight-71', 'city-kansas-city', 'city-guadalajara', 345);
INSERT INTO flight_prices (id, origin_city_id, destination_city_id, price_usd) VALUES ('flight-72', 'city-kansas-city', 'city-mexico-city', 315);
INSERT INTO flight_prices (id, origin_city_id, destination_city_id, price_usd) VALUES ('flight-73', 'city-kansas-city', 'city-monterrey', 285);
INSERT INTO flight_prices (id, origin_city_id, destination_city_id, price_usd) VALUES ('flight-74', 'city-kansas-city', 'city-toronto', 295);
INSERT INTO flight_prices (id, origin_city_id, destination_city_id, price_usd) VALUES ('flight-75', 'city-kansas-city', 'city-vancouver', 365);
INSERT INTO flight_prices (id, origin_city_id, destination_city_id, price_usd) VALUES ('flight-76', 'city-los-angeles', 'city-atlanta', 320);
INSERT INTO flight_prices (id, origin_city_id, destination_city_id, price_usd) VALUES ('flight-77', 'city-los-angeles', 'city-boston', 365);
INSERT INTO flight_prices (id, origin_city_id, destination_city_id, price_usd) VALUES ('flight-78', 'city-los-angeles', 'city-dallas', 225);
INSERT INTO flight_prices (id, origin_city_id, destination_city_id, price_usd) VALUES ('flight-79', 'city-los-angeles', 'city-houston', 255);
INSERT INTO flight_prices (id, origin_city_id, destination_city_id, price_usd) VALUES ('flight-80', 'city-los-angeles', 'city-kansas-city', 275);
INSERT INTO flight_prices (id, origin_city_id, destination_city_id, price_usd) VALUES ('flight-81', 'city-los-angeles', 'city-miami', 335);
INSERT INTO flight_prices (id, origin_city_id, destination_city_id, price_usd) VALUES ('flight-82', 'city-los-angeles', 'city-new-york', 325);
INSERT INTO flight_prices (id, origin_city_id, destination_city_id, price_usd) VALUES ('flight-83', 'city-los-angeles', 'city-philadelphia', 315);
INSERT INTO flight_prices (id, origin_city_id, destination_city_id, price_usd) VALUES ('flight-84', 'city-los-angeles', 'city-san-francisco', 125);
INSERT INTO flight_prices (id, origin_city_id, destination_city_id, price_usd) VALUES ('flight-85', 'city-los-angeles', 'city-seattle', 175);
INSERT INTO flight_prices (id, origin_city_id, destination_city_id, price_usd) VALUES ('flight-86', 'city-los-angeles', 'city-guadalajara', 285);
INSERT INTO flight_prices (id, origin_city_id, destination_city_id, price_usd) VALUES ('flight-87', 'city-los-angeles', 'city-mexico-city', 295);
INSERT INTO flight_prices (id, origin_city_id, destination_city_id, price_usd) VALUES ('flight-88', 'city-los-angeles', 'city-monterrey', 315);
INSERT INTO flight_prices (id, origin_city_id, destination_city_id, price_usd) VALUES ('flight-89', 'city-los-angeles', 'city-toronto', 395);
INSERT INTO flight_prices (id, origin_city_id, destination_city_id, price_usd) VALUES ('flight-90', 'city-los-angeles', 'city-vancouver', 225);
INSERT INTO flight_prices (id, origin_city_id, destination_city_id, price_usd) VALUES ('flight-91', 'city-miami', 'city-atlanta', 145);
INSERT INTO flight_prices (id, origin_city_id, destination_city_id, price_usd) VALUES ('flight-92', 'city-miami', 'city-boston', 225);
INSERT INTO flight_prices (id, origin_city_id, destination_city_id, price_usd) VALUES ('flight-93', 'city-miami', 'city-dallas', 235);
INSERT INTO flight_prices (id, origin_city_id, destination_city_id, price_usd) VALUES ('flight-94', 'city-miami', 'city-houston', 195);
INSERT INTO flight_prices (id, origin_city_id, destination_city_id, price_usd) VALUES ('flight-95', 'city-miami', 'city-kansas-city', 285);
INSERT INTO flight_prices (id, origin_city_id, destination_city_id, price_usd) VALUES ('flight-96', 'city-miami', 'city-los-angeles', 335);
INSERT INTO flight_prices (id, origin_city_id, destination_city_id, price_usd) VALUES ('flight-97', 'city-miami', 'city-new-york', 175);
INSERT INTO flight_prices (id, origin_city_id, destination_city_id, price_usd) VALUES ('flight-98', 'city-miami', 'city-philadelphia', 185);
INSERT INTO flight_prices (id, origin_city_id, destination_city_id, price_usd) VALUES ('flight-99', 'city-miami', 'city-san-francisco', 365);
INSERT INTO flight_prices (id, origin_city_id, destination_city_id, price_usd) VALUES ('flight-100', 'city-miami', 'city-seattle', 395);
INSERT INTO flight_prices (id, origin_city_id, destination_city_id, price_usd) VALUES ('flight-101', 'city-miami', 'city-guadalajara', 385);
INSERT INTO flight_prices (id, origin_city_id, destination_city_id, price_usd) VALUES ('flight-102', 'city-miami', 'city-mexico-city', 325);
INSERT INTO flight_prices (id, origin_city_id, destination_city_id, price_usd) VALUES ('flight-103', 'city-miami', 'city-monterrey', 315);
INSERT INTO flight_prices (id, origin_city_id, destination_city_id, price_usd) VALUES ('flight-104', 'city-miami', 'city-toronto', 295);
INSERT INTO flight_prices (id, origin_city_id, destination_city_id, price_usd) VALUES ('flight-105', 'city-miami', 'city-vancouver', 445);
INSERT INTO flight_prices (id, origin_city_id, destination_city_id, price_usd) VALUES ('flight-106', 'city-new-york', 'city-atlanta', 195);
INSERT INTO flight_prices (id, origin_city_id, destination_city_id, price_usd) VALUES ('flight-107', 'city-new-york', 'city-boston', 125);
INSERT INTO flight_prices (id, origin_city_id, destination_city_id, price_usd) VALUES ('flight-108', 'city-new-york', 'city-dallas', 275);
INSERT INTO flight_prices (id, origin_city_id, destination_city_id, price_usd) VALUES ('flight-109', 'city-new-york', 'city-houston', 275);
INSERT INTO flight_prices (id, origin_city_id, destination_city_id, price_usd) VALUES ('flight-110', 'city-new-york', 'city-kansas-city', 255);
INSERT INTO flight_prices (id, origin_city_id, destination_city_id, price_usd) VALUES ('flight-111', 'city-new-york', 'city-los-angeles', 325);
INSERT INTO flight_prices (id, origin_city_id, destination_city_id, price_usd) VALUES ('flight-112', 'city-new-york', 'city-miami', 175);
INSERT INTO flight_prices (id, origin_city_id, destination_city_id, price_usd) VALUES ('flight-113', 'city-new-york', 'city-philadelphia', 95);
INSERT INTO flight_prices (id, origin_city_id, destination_city_id, price_usd) VALUES ('flight-114', 'city-new-york', 'city-san-francisco', 355);
INSERT INTO flight_prices (id, origin_city_id, destination_city_id, price_usd) VALUES ('flight-115', 'city-new-york', 'city-seattle', 365);
INSERT INTO flight_prices (id, origin_city_id, destination_city_id, price_usd) VALUES ('flight-116', 'city-new-york', 'city-guadalajara', 425);
INSERT INTO flight_prices (id, origin_city_id, destination_city_id, price_usd) VALUES ('flight-117', 'city-new-york', 'city-mexico-city', 385);
INSERT INTO flight_prices (id, origin_city_id, destination_city_id, price_usd) VALUES ('flight-118', 'city-new-york', 'city-monterrey', 365);
INSERT INTO flight_prices (id, origin_city_id, destination_city_id, price_usd) VALUES ('flight-119', 'city-new-york', 'city-toronto', 195);
INSERT INTO flight_prices (id, origin_city_id, destination_city_id, price_usd) VALUES ('flight-120', 'city-new-york', 'city-vancouver', 415);
INSERT INTO flight_prices (id, origin_city_id, destination_city_id, price_usd) VALUES ('flight-121', 'city-philadelphia', 'city-atlanta', 180);
INSERT INTO flight_prices (id, origin_city_id, destination_city_id, price_usd) VALUES ('flight-122', 'city-philadelphia', 'city-boston', 135);
INSERT INTO flight_prices (id, origin_city_id, destination_city_id, price_usd) VALUES ('flight-123', 'city-philadelphia', 'city-dallas', 265);
INSERT INTO flight_prices (id, origin_city_id, destination_city_id, price_usd) VALUES ('flight-124', 'city-philadelphia', 'city-houston', 265);
INSERT INTO flight_prices (id, origin_city_id, destination_city_id, price_usd) VALUES ('flight-125', 'city-philadelphia', 'city-kansas-city', 245);
INSERT INTO flight_prices (id, origin_city_id, destination_city_id, price_usd) VALUES ('flight-126', 'city-philadelphia', 'city-los-angeles', 315);
INSERT INTO flight_prices (id, origin_city_id, destination_city_id, price_usd) VALUES ('flight-127', 'city-philadelphia', 'city-miami', 185);
INSERT INTO flight_prices (id, origin_city_id, destination_city_id, price_usd) VALUES ('flight-128', 'city-philadelphia', 'city-new-york', 95);
INSERT INTO flight_prices (id, origin_city_id, destination_city_id, price_usd) VALUES ('flight-129', 'city-philadelphia', 'city-san-francisco', 345);
INSERT INTO flight_prices (id, origin_city_id, destination_city_id, price_usd) VALUES ('flight-130', 'city-philadelphia', 'city-seattle', 355);
INSERT INTO flight_prices (id, origin_city_id, destination_city_id, price_usd) VALUES ('flight-131', 'city-philadelphia', 'city-guadalajara', 415);
INSERT INTO flight_prices (id, origin_city_id, destination_city_id, price_usd) VALUES ('flight-132', 'city-philadelphia', 'city-mexico-city', 375);
INSERT INTO flight_prices (id, origin_city_id, destination_city_id, price_usd) VALUES ('flight-133', 'city-philadelphia', 'city-monterrey', 355);
INSERT INTO flight_prices (id, origin_city_id, destination_city_id, price_usd) VALUES ('flight-134', 'city-philadelphia', 'city-toronto', 215);
INSERT INTO flight_prices (id, origin_city_id, destination_city_id, price_usd) VALUES ('flight-135', 'city-philadelphia', 'city-vancouver', 405);
INSERT INTO flight_prices (id, origin_city_id, destination_city_id, price_usd) VALUES ('flight-136', 'city-san-francisco', 'city-atlanta', 345);
INSERT INTO flight_prices (id, origin_city_id, destination_city_id, price_usd) VALUES ('flight-137', 'city-san-francisco', 'city-boston', 385);
INSERT INTO flight_prices (id, origin_city_id, destination_city_id, price_usd) VALUES ('flight-138', 'city-san-francisco', 'city-dallas', 265);
INSERT INTO flight_prices (id, origin_city_id, destination_city_id, price_usd) VALUES ('flight-139', 'city-san-francisco', 'city-houston', 285);
INSERT INTO flight_prices (id, origin_city_id, destination_city_id, price_usd) VALUES ('flight-140', 'city-san-francisco', 'city-kansas-city', 295);
INSERT INTO flight_prices (id, origin_city_id, destination_city_id, price_usd) VALUES ('flight-141', 'city-san-francisco', 'city-los-angeles', 125);
INSERT INTO flight_prices (id, origin_city_id, destination_city_id, price_usd) VALUES ('flight-142', 'city-san-francisco', 'city-miami', 365);
INSERT INTO flight_prices (id, origin_city_id, destination_city_id, price_usd) VALUES ('flight-143', 'city-san-francisco', 'city-new-york', 355);
INSERT INTO flight_prices (id, origin_city_id, destination_city_id, price_usd) VALUES ('flight-144', 'city-san-francisco', 'city-philadelphia', 345);
INSERT INTO flight_prices (id, origin_city_id, destination_city_id, price_usd) VALUES ('flight-145', 'city-san-francisco', 'city-seattle', 165);
INSERT INTO flight_prices (id, origin_city_id, destination_city_id, price_usd) VALUES ('flight-146', 'city-san-francisco', 'city-guadalajara', 325);
INSERT INTO flight_prices (id, origin_city_id, destination_city_id, price_usd) VALUES ('flight-147', 'city-san-francisco', 'city-mexico-city', 335);
INSERT INTO flight_prices (id, origin_city_id, destination_city_id, price_usd) VALUES ('flight-148', 'city-san-francisco', 'city-monterrey', 355);
INSERT INTO flight_prices (id, origin_city_id, destination_city_id, price_usd) VALUES ('flight-149', 'city-san-francisco', 'city-toronto', 395);
INSERT INTO flight_prices (id, origin_city_id, destination_city_id, price_usd) VALUES ('flight-150', 'city-san-francisco', 'city-vancouver', 195);
INSERT INTO flight_prices (id, origin_city_id, destination_city_id, price_usd) VALUES ('flight-151', 'city-seattle', 'city-atlanta', 380);
INSERT INTO flight_prices (id, origin_city_id, destination_city_id, price_usd) VALUES ('flight-152', 'city-seattle', 'city-boston', 395);
INSERT INTO flight_prices (id, origin_city_id, destination_city_id, price_usd) VALUES ('flight-153', 'city-seattle', 'city-dallas', 295);
INSERT INTO flight_prices (id, origin_city_id, destination_city_id, price_usd) VALUES ('flight-154', 'city-seattle', 'city-houston', 325);
INSERT INTO flight_prices (id, origin_city_id, destination_city_id, price_usd) VALUES ('flight-155', 'city-seattle', 'city-kansas-city', 315);
INSERT INTO flight_prices (id, origin_city_id, destination_city_id, price_usd) VALUES ('flight-156', 'city-seattle', 'city-los-angeles', 175);
INSERT INTO flight_prices (id, origin_city_id, destination_city_id, price_usd) VALUES ('flight-157', 'city-seattle', 'city-miami', 395);
INSERT INTO flight_prices (id, origin_city_id, destination_city_id, price_usd) VALUES ('flight-158', 'city-seattle', 'city-new-york', 365);
INSERT INTO flight_prices (id, origin_city_id, destination_city_id, price_usd) VALUES ('flight-159', 'city-seattle', 'city-philadelphia', 355);
INSERT INTO flight_prices (id, origin_city_id, destination_city_id, price_usd) VALUES ('flight-160', 'city-seattle', 'city-san-francisco', 165);
INSERT INTO flight_prices (id, origin_city_id, destination_city_id, price_usd) VALUES ('flight-161', 'city-seattle', 'city-guadalajara', 385);
INSERT INTO flight_prices (id, origin_city_id, destination_city_id, price_usd) VALUES ('flight-162', 'city-seattle', 'city-mexico-city', 395);
INSERT INTO flight_prices (id, origin_city_id, destination_city_id, price_usd) VALUES ('flight-163', 'city-seattle', 'city-monterrey', 405);
INSERT INTO flight_prices (id, origin_city_id, destination_city_id, price_usd) VALUES ('flight-164', 'city-seattle', 'city-toronto', 345);
INSERT INTO flight_prices (id, origin_city_id, destination_city_id, price_usd) VALUES ('flight-165', 'city-seattle', 'city-vancouver', 145);
INSERT INTO flight_prices (id, origin_city_id, destination_city_id, price_usd) VALUES ('flight-166', 'city-guadalajara', 'city-atlanta', 420);
INSERT INTO flight_prices (id, origin_city_id, destination_city_id, price_usd) VALUES ('flight-167', 'city-guadalajara', 'city-boston', 485);
INSERT INTO flight_prices (id, origin_city_id, destination_city_id, price_usd) VALUES ('flight-168', 'city-guadalajara', 'city-dallas', 285);
INSERT INTO flight_prices (id, origin_city_id, destination_city_id, price_usd) VALUES ('flight-169', 'city-guadalajara', 'city-houston', 265);
INSERT INTO flight_prices (id, origin_city_id, destination_city_id, price_usd) VALUES ('flight-170', 'city-guadalajara', 'city-kansas-city', 345);
INSERT INTO flight_prices (id, origin_city_id, destination_city_id, price_usd) VALUES ('flight-171', 'city-guadalajara', 'city-los-angeles', 285);
INSERT INTO flight_prices (id, origin_city_id, destination_city_id, price_usd) VALUES ('flight-172', 'city-guadalajara', 'city-miami', 385);
INSERT INTO flight_prices (id, origin_city_id, destination_city_id, price_usd) VALUES ('flight-173', 'city-guadalajara', 'city-new-york', 425);
INSERT INTO flight_prices (id, origin_city_id, destination_city_id, price_usd) VALUES ('flight-174', 'city-guadalajara', 'city-philadelphia', 415);
INSERT INTO flight_prices (id, origin_city_id, destination_city_id, price_usd) VALUES ('flight-175', 'city-guadalajara', 'city-san-francisco', 325);
INSERT INTO flight_prices (id, origin_city_id, destination_city_id, price_usd) VALUES ('flight-176', 'city-guadalajara', 'city-seattle', 385);
INSERT INTO flight_prices (id, origin_city_id, destination_city_id, price_usd) VALUES ('flight-177', 'city-guadalajara', 'city-mexico-city', 95);
INSERT INTO flight_prices (id, origin_city_id, destination_city_id, price_usd) VALUES ('flight-178', 'city-guadalajara', 'city-monterrey', 145);
INSERT INTO flight_prices (id, origin_city_id, destination_city_id, price_usd) VALUES ('flight-179', 'city-guadalajara', 'city-toronto', 465);
INSERT INTO flight_prices (id, origin_city_id, destination_city_id, price_usd) VALUES ('flight-180', 'city-guadalajara', 'city-vancouver', 425);
INSERT INTO flight_prices (id, origin_city_id, destination_city_id, price_usd) VALUES ('flight-181', 'city-mexico-city', 'city-atlanta', 385);
INSERT INTO flight_prices (id, origin_city_id, destination_city_id, price_usd) VALUES ('flight-182', 'city-mexico-city', 'city-boston', 445);
INSERT INTO flight_prices (id, origin_city_id, destination_city_id, price_usd) VALUES ('flight-183', 'city-mexico-city', 'city-dallas', 245);
INSERT INTO flight_prices (id, origin_city_id, destination_city_id, price_usd) VALUES ('flight-184', 'city-mexico-city', 'city-houston', 225);
INSERT INTO flight_prices (id, origin_city_id, destination_city_id, price_usd) VALUES ('flight-185', 'city-mexico-city', 'city-kansas-city', 315);
INSERT INTO flight_prices (id, origin_city_id, destination_city_id, price_usd) VALUES ('flight-186', 'city-mexico-city', 'city-los-angeles', 295);
INSERT INTO flight_prices (id, origin_city_id, destination_city_id, price_usd) VALUES ('flight-187', 'city-mexico-city', 'city-miami', 325);
INSERT INTO flight_prices (id, origin_city_id, destination_city_id, price_usd) VALUES ('flight-188', 'city-mexico-city', 'city-new-york', 385);
INSERT INTO flight_prices (id, origin_city_id, destination_city_id, price_usd) VALUES ('flight-189', 'city-mexico-city', 'city-philadelphia', 375);
INSERT INTO flight_prices (id, origin_city_id, destination_city_id, price_usd) VALUES ('flight-190', 'city-mexico-city', 'city-san-francisco', 335);
INSERT INTO flight_prices (id, origin_city_id, destination_city_id, price_usd) VALUES ('flight-191', 'city-mexico-city', 'city-seattle', 395);
INSERT INTO flight_prices (id, origin_city_id, destination_city_id, price_usd) VALUES ('flight-192', 'city-mexico-city', 'city-guadalajara', 95);
INSERT INTO flight_prices (id, origin_city_id, destination_city_id, price_usd) VALUES ('flight-193', 'city-mexico-city', 'city-monterrey', 115);
INSERT INTO flight_prices (id, origin_city_id, destination_city_id, price_usd) VALUES ('flight-194', 'city-mexico-city', 'city-toronto', 425);
INSERT INTO flight_prices (id, origin_city_id, destination_city_id, price_usd) VALUES ('flight-195', 'city-mexico-city', 'city-vancouver', 445);
INSERT INTO flight_prices (id, origin_city_id, destination_city_id, price_usd) VALUES ('flight-196', 'city-monterrey', 'city-atlanta', 355);
INSERT INTO flight_prices (id, origin_city_id, destination_city_id, price_usd) VALUES ('flight-197', 'city-monterrey', 'city-boston', 425);
INSERT INTO flight_prices (id, origin_city_id, destination_city_id, price_usd) VALUES ('flight-198', 'city-monterrey', 'city-dallas', 185);
INSERT INTO flight_prices (id, origin_city_id, destination_city_id, price_usd) VALUES ('flight-199', 'city-monterrey', 'city-houston', 165);
INSERT INTO flight_prices (id, origin_city_id, destination_city_id, price_usd) VALUES ('flight-200', 'city-monterrey', 'city-kansas-city', 285);
INSERT INTO flight_prices (id, origin_city_id, destination_city_id, price_usd) VALUES ('flight-201', 'city-monterrey', 'city-los-angeles', 315);
INSERT INTO flight_prices (id, origin_city_id, destination_city_id, price_usd) VALUES ('flight-202', 'city-monterrey', 'city-miami', 315);
INSERT INTO flight_prices (id, origin_city_id, destination_city_id, price_usd) VALUES ('flight-203', 'city-monterrey', 'city-new-york', 365);
INSERT INTO flight_prices (id, origin_city_id, destination_city_id, price_usd) VALUES ('flight-204', 'city-monterrey', 'city-philadelphia', 355);
INSERT INTO flight_prices (id, origin_city_id, destination_city_id, price_usd) VALUES ('flight-205', 'city-monterrey', 'city-san-francisco', 355);
INSERT INTO flight_prices (id, origin_city_id, destination_city_id, price_usd) VALUES ('flight-206', 'city-monterrey', 'city-seattle', 405);
INSERT INTO flight_prices (id, origin_city_id, destination_city_id, price_usd) VALUES ('flight-207', 'city-monterrey', 'city-guadalajara', 145);
INSERT INTO flight_prices (id, origin_city_id, destination_city_id, price_usd) VALUES ('flight-208', 'city-monterrey', 'city-mexico-city', 115);
INSERT INTO flight_prices (id, origin_city_id, destination_city_id, price_usd) VALUES ('flight-209', 'city-monterrey', 'city-toronto', 415);
INSERT INTO flight_prices (id, origin_city_id, destination_city_id, price_usd) VALUES ('flight-210', 'city-monterrey', 'city-vancouver', 455);
INSERT INTO flight_prices (id, origin_city_id, destination_city_id, price_usd) VALUES ('flight-211', 'city-toronto', 'city-atlanta', 295);
INSERT INTO flight_prices (id, origin_city_id, destination_city_id, price_usd) VALUES ('flight-212', 'city-toronto', 'city-boston', 195);
INSERT INTO flight_prices (id, origin_city_id, destination_city_id, price_usd) VALUES ('flight-213', 'city-toronto', 'city-dallas', 325);
INSERT INTO flight_prices (id, origin_city_id, destination_city_id, price_usd) VALUES ('flight-214', 'city-toronto', 'city-houston', 345);
INSERT INTO flight_prices (id, origin_city_id, destination_city_id, price_usd) VALUES ('flight-215', 'city-toronto', 'city-kansas-city', 295);
INSERT INTO flight_prices (id, origin_city_id, destination_city_id, price_usd) VALUES ('flight-216', 'city-toronto', 'city-los-angeles', 395);
INSERT INTO flight_prices (id, origin_city_id, destination_city_id, price_usd) VALUES ('flight-217', 'city-toronto', 'city-miami', 295);
INSERT INTO flight_prices (id, origin_city_id, destination_city_id, price_usd) VALUES ('flight-218', 'city-toronto', 'city-new-york', 195);
INSERT INTO flight_prices (id, origin_city_id, destination_city_id, price_usd) VALUES ('flight-219', 'city-toronto', 'city-philadelphia', 215);
INSERT INTO flight_prices (id, origin_city_id, destination_city_id, price_usd) VALUES ('flight-220', 'city-toronto', 'city-san-francisco', 395);
INSERT INTO flight_prices (id, origin_city_id, destination_city_id, price_usd) VALUES ('flight-221', 'city-toronto', 'city-seattle', 345);
INSERT INTO flight_prices (id, origin_city_id, destination_city_id, price_usd) VALUES ('flight-222', 'city-toronto', 'city-guadalajara', 465);
INSERT INTO flight_prices (id, origin_city_id, destination_city_id, price_usd) VALUES ('flight-223', 'city-toronto', 'city-mexico-city', 425);
INSERT INTO flight_prices (id, origin_city_id, destination_city_id, price_usd) VALUES ('flight-224', 'city-toronto', 'city-monterrey', 415);
INSERT INTO flight_prices (id, origin_city_id, destination_city_id, price_usd) VALUES ('flight-225', 'city-toronto', 'city-vancouver', 345);
INSERT INTO flight_prices (id, origin_city_id, destination_city_id, price_usd) VALUES ('flight-226', 'city-vancouver', 'city-atlanta', 425);
INSERT INTO flight_prices (id, origin_city_id, destination_city_id, price_usd) VALUES ('flight-227', 'city-vancouver', 'city-boston', 445);
INSERT INTO flight_prices (id, origin_city_id, destination_city_id, price_usd) VALUES ('flight-228', 'city-vancouver', 'city-dallas', 365);
INSERT INTO flight_prices (id, origin_city_id, destination_city_id, price_usd) VALUES ('flight-229', 'city-vancouver', 'city-houston', 385);
INSERT INTO flight_prices (id, origin_city_id, destination_city_id, price_usd) VALUES ('flight-230', 'city-vancouver', 'city-kansas-city', 365);
INSERT INTO flight_prices (id, origin_city_id, destination_city_id, price_usd) VALUES ('flight-231', 'city-vancouver', 'city-los-angeles', 225);
INSERT INTO flight_prices (id, origin_city_id, destination_city_id, price_usd) VALUES ('flight-232', 'city-vancouver', 'city-miami', 445);
INSERT INTO flight_prices (id, origin_city_id, destination_city_id, price_usd) VALUES ('flight-233', 'city-vancouver', 'city-new-york', 415);
INSERT INTO flight_prices (id, origin_city_id, destination_city_id, price_usd) VALUES ('flight-234', 'city-vancouver', 'city-philadelphia', 405);
INSERT INTO flight_prices (id, origin_city_id, destination_city_id, price_usd) VALUES ('flight-235', 'city-vancouver', 'city-san-francisco', 195);
INSERT INTO flight_prices (id, origin_city_id, destination_city_id, price_usd) VALUES ('flight-236', 'city-vancouver', 'city-seattle', 145);
INSERT INTO flight_prices (id, origin_city_id, destination_city_id, price_usd) VALUES ('flight-237', 'city-vancouver', 'city-guadalajara', 425);
INSERT INTO flight_prices (id, origin_city_id, destination_city_id, price_usd) VALUES ('flight-238', 'city-vancouver', 'city-mexico-city', 445);
INSERT INTO flight_prices (id, origin_city_id, destination_city_id, price_usd) VALUES ('flight-239', 'city-vancouver', 'city-monterrey', 455);
INSERT INTO flight_prices (id, origin_city_id, destination_city_id, price_usd) VALUES ('flight-240', 'city-vancouver', 'city-toronto', 345);
